period,sequence,team,player,explanation,scoringplay,score_home,score_visitor
"1","1-0060","WCAR","CJ Hyland","Game start","N","0","0"
"1","1-0060","WCAR","CJ Hyland","Jump ball","N","0","0"
"1","1-0060","WCAR","CJ Hyland","Start of period","N","0","0"
"1","1-0141","DUKE","Patrick Ngongba","Patrick Ngongba won jump ball","N","0","0"
"1","1-0141","WCAR","Abdulai Fanta Kabba","Abdulai Fanta Kabba lost jump ball","N","0","0"
"1","1-0149","DUKE","Patrick Ngongba","Patrick Ngongba turnover","N","0","0"
"1","1-0154","DUKE","Caleb Foster","Caleb Foster personal ","N","0","0"
"1","1-0154","WCAR","CJ Hyland","CJ Hyland fouled on the play","N","0","0"
"1","1-0172","WCAR","Cord Stansberry","Cord Stansberry missed driving layup","N","0","0"
"1","1-0174","DUKE","Dame Sarr","Dame Sarr defensive rebound","N","0","0"
"1","1-0177","DUKE","Isaiah Evans","Isaiah Evans missed 3-point field goal","N","0","0"
"1","1-0181","WCAR","Abdulai Fanta Kabba","Abdulai Fanta Kabba defensive rebound","N","0","0"
"1","1-0197","DUKE","Cameron Boozer","Cameron Boozer personal two shots","N","0","0"
"1","1-0197","WCAR","CJ Hyland","CJ Hyland fouled on the play","N","0","0"
"1","1-0197","WCAR","CJ Hyland","CJ Hyland made free throw 1 of 2","Y","0","1"
"1","1-0197","WCAR","CJ Hyland","CJ Hyland made free throw 2 of 2","Y","0","2"
"1","1-0245","DUKE","Cameron Boozer","Cameron Boozer missed 3-point field goal","N","0","2"
"1","1-0249","WCAR","Abdulai Fanta Kabba","Abdulai Fanta Kabba defensive rebound","N","0","2"
"1","1-0276","WCAR","Marcus Kell","Marcus Kell made pullup jump shot","Y","0","4"
"1","1-0286","WCAR","Abdulai Fanta Kabba","Abdulai Fanta Kabba personal ","N","2","4"
"1","1-0286","DUKE","Cameron Boozer","Cameron Boozer made layup","Y","2","4"
"1","1-0286","DUKE","Cameron Boozer","Cameron Boozer fouled on the play","N","2","4"
"1","1-0286","DUKE","Cameron Boozer","Cameron Boozer made free throw 1 of 1","Y","3","4"
"1","1-03.6","DUKE","Cameron Boozer","Cameron Boozer fouled on the play","N","3","4"
"1","1-03.6","WCAR","Marcus Kell","Marcus Kell personal ","N","3","4"
"1","1-03.6","DUKE","Cameron Boozer","Cameron Boozer offensive rebound","N","3","4"
"1","1-03.7","WCAR","CJ Hyland","CJ Hyland fouled on the play","N","6","4"
"1","1-03.7","DUKE","Isaiah Evans","Isaiah Evans personal ","N","6","4"
"1","1-0348","WCAR","CJ Hyland","CJ Hyland missed jump shot","N","3","4"
"1","1-0348","DUKE","Patrick Ngongba","Patrick Ngongba defensive rebound","N","3","4"
"1","1-0355","WCAR","Julien Soumaoro","Julien Soumaoro personal ","N","3","4"
"1","1-0355","DUKE","Isaiah Evans","Isaiah Evans fouled on the play","N","3","4"
"1","1-0357","DUKE","Caleb Foster","Caleb Foster missed 3-point field goal","N","3","4"
"1","1-0360","WCAR","Cord Stansberry","Cord Stansberry defensive rebound","N","6","4"
"1","1-0361","DUKE","Cameron Boozer","Cameron Boozer made 3-point jump shot","Y","6","4"
"1","1-0361","DUKE","Caleb Foster","Caleb Foster assist","N","6","4"
"1","1-0378","WCAR","Julien Soumaoro","Julien Soumaoro missed 3-point field goal","N","6","4"
"1","1-0382","WCAR","Marcus Kell","Marcus Kell offensive rebound","N","6","4"
"1","1-0383","WCAR","Cord Stansberry","Cord Stansberry missed 3-point jump shot","N","6","4"
"1","1-0387","DUKE","Patrick Ngongba","Patrick Ngongba defensive rebound","N","6","4"
"1","1-0397","DUKE","Caleb Foster","Caleb Foster missed 3-point field goal","N","6","4"
"1","1-04.6","DUKE","Caleb Foster","Caleb Foster sub out","N","6","4"
"1","1-04.6","DUKE","Isaiah Evans","Isaiah Evans sub out","N","6","4"
"1","1-04.6","DUKE","Dame Sarr","Dame Sarr sub out","N","6","4"
"1","1-04.6","DUKE","Cayden Boozer","Cayden Boozer sub in","N","6","4"
"1","1-04.6","WCAR","CJ Hyland","CJ Hyland sub out","N","6","4"
"1","1-04.6","DUKE","Maliq Brown","Maliq Brown sub in","N","6","4"
"1","1-04.6","DUKE","Darren Harris","Darren Harris sub in","N","6","4"
"1","1-04.6","DUKE","Patrick Ngongba","Patrick Ngongba sub out","N","6","4"
"1","1-04.6","DUKE","Nikolas Khamenia","Nikolas Khamenia sub in","N","6","4"
"1","1-04.6","WCAR","Tahlan Pettway","Tahlan Pettway sub in","N","6","4"
"1","1-04.6","WCAR","Justin Johnson","Justin Johnson sub in","N","6","4"
"1","1-04.6","WCAR","Abdulai Fanta Kabba","Abdulai Fanta Kabba sub out","N","6","4"
"1","1-04.6","WCAR","CJ Hyland","Samuel Dada sub in","N","6","4"
"1","1-04.6","WCAR","Julien Soumaoro","Julien Soumaoro sub out","N","6","4"
"1","1-04.6","WCAR","CJ Hyland","Team offensive rebound","N","6","4"
"1","1-04.8","DUKE","Cayden Boozer","Cayden Boozer assist","N","8","4"
"1","1-04.8","DUKE","Maliq Brown","Maliq Brown made alley-oop","Y","8","4"
"1","1-0459","WCAR","Marcus Kell","Marcus Kell missed jump shot (blocked)","N","6","4"
"1","1-0459","DUKE","Dame Sarr","Dame Sarr block","N","6","4"
"1","1-0460","WCAR","Justin Johnson","Justin Johnson offensive rebound","N","8","4"
"1","1-0468","WCAR","CJ Hyland","media timeout","N","0","0"
"1","1-0468","WCAR","CJ Hyland","turnover Team shotclock team","N","6","4"
"1","1-0498","WCAR","Justin Johnson","Justin Johnson missed driving layup","N","8","4"
"1","1-05.8","DUKE","Nikolas Khamenia","Nikolas Khamenia defensive rebound","N","11","6"
"1","1-05.9","DUKE","Cayden Boozer","Cayden Boozer missed 3-point field goal","N","11","6"
"1","1-0551","WCAR","Marcus Kell","Marcus Kell made turnaround jump shot","Y","8","6"
"1","1-0558","DUKE","Cayden Boozer","Cayden Boozer assist","N","11","6"
"1","1-0558","DUKE","Nikolas Khamenia","Nikolas Khamenia made 3-point pullup jump shot","Y","11","6"
"1","1-0576","WCAR","Cord Stansberry","Cord Stansberry missed jump shot","N","11","6"
"1","1-0595","WCAR","CJ Hyland","Samuel Dada defensive rebound","N","11","6"
"1","1-06.8","DUKE","Nikolas Khamenia","Nikolas Khamenia missed 3-point field goal","N","13","6"
"1","1-0642","WCAR","Marcus Kell","Marcus Kell missed 3-point field goal","N","11","6"
"1","1-0645","DUKE","Nikolas Khamenia","Nikolas Khamenia defensive rebound","N","11","6"
"1","1-0653","DUKE","Cayden Boozer","Cayden Boozer fouled on the play","N","13","6"
"1","1-0653","WCAR","Abdulai Fanta Kabba","Abdulai Fanta Kabba sub in","N","13","6"
"1","1-0653","WCAR","Chase McKey","Chase McKey sub in","N","13","6"
"1","1-0653","WCAR","Marcus Kell","Marcus Kell sub out","N","13","6"
"1","1-0653","DUKE","Cayden Boozer","Cayden Boozer made layup","Y","13","6"
"1","1-0653","WCAR","Tahlan Pettway","Tahlan Pettway personal ","N","13","6"
"1","1-0653","WCAR","CJ Hyland","Samuel Dada sub out","N","13","6"
"1","1-0653","DUKE","Cameron Boozer","Cameron Boozer sub out","N","13","6"
"1","1-0653","DUKE","Patrick Ngongba","Patrick Ngongba sub in","N","13","6"
"1","1-0653","WCAR","Cord Stansberry","Cord Stansberry sub out","N","13","6"
"1","1-0653","WCAR","CJ Hyland","Tidjiane Dioumassi sub in","N","13","6"
"1","1-0653","DUKE","Cayden Boozer","Cayden Boozer missed free throw 1 of 1","N","13","6"
"1","1-0654","WCAR","Justin Johnson","Justin Johnson defensive rebound","N","13","6"
"1","1-0665","WCAR","Justin Johnson","Justin Johnson missed 3-point field goal","N","13","6"
"1","1-0668","DUKE","Maliq Brown","Maliq Brown defensive rebound","N","13","6"
"1","1-0685","WCAR","Chase McKey","Chase McKey defensive rebound","N","13","6"
"1","1-07.5","WCAR","Tahlan Pettway","Tahlan Pettway missed floating jump shot","N","13","6"
"1","1-07.7","DUKE","Cayden Boozer","Cayden Boozer made floating jump shot","Y","15","6"
"1","1-0752","DUKE","Cayden Boozer","Cayden Boozer defensive rebound","N","13","6"
"1","1-0762","WCAR","Julien Soumaoro","Julien Soumaoro sub in","N","13","6"
"1","1-0762","WCAR","Justin Johnson","Justin Johnson sub out","N","13","6"
"1","1-0783","WCAR","Julien Soumaoro","Julien Soumaoro missed 3-point field goal","N","15","6"
"1","1-0785","DUKE","Cayden Boozer","Cayden Boozer defensive rebound","N","15","6"
"1","1-0793","WCAR","CJ Hyland","Samuel Dada sub in","N","16","6"
"1","1-0793","WCAR","Marcus Kell","Marcus Kell sub in","N","16","6"
"1","1-0793","WCAR","Chase McKey","Chase McKey sub out","N","16","6"
"1","1-0793","DUKE","Dame Sarr","Dame Sarr sub in","N","16","6"
"1","1-0793","DUKE","Maliq Brown","Maliq Brown sub out","N","16","6"
"1","1-0793","WCAR","Abdulai Fanta Kabba","Abdulai Fanta Kabba sub out","N","16","6"
"1","1-0793","DUKE","Nikolas Khamenia","Nikolas Khamenia fouled on the play","N","15","6"
"1","1-0793","WCAR","Abdulai Fanta Kabba","Abdulai Fanta Kabba personal two shots","N","15","6"
"1","1-0793","DUKE","Nikolas Khamenia","Nikolas Khamenia made free throw 1 of 2","Y","16","6"
"1","1-0793","DUKE","Nikolas Khamenia","Nikolas Khamenia made free throw 2 of 2","Y","17","6"
"1","1-08.8","WCAR","CJ Hyland","Samuel Dada missed jump shot","N","19","6"
"1","1-08.9","WCAR","CJ Hyland","Tidjiane Dioumassi missed 3-point jump shot","N","19","6"
"1","1-0855","WCAR","CJ Hyland","Samuel Dada turnover","N","17","6"
"1","1-0855","DUKE","Cayden Boozer","Cayden Boozer fouled on the play","N","17","6"
"1","1-0855","WCAR","Tahlan Pettway","Tahlan Pettway sub out","N","17","6"
"1","1-0855","WCAR","Cord Stansberry","Cord Stansberry sub in","N","17","6"
"1","1-0855","WCAR","CJ Hyland","Samuel Dada offensive foul","N","17","6"
"1","1-0866","DUKE","Patrick Ngongba","Patrick Ngongba made dunk","Y","19","6"
"1","1-0866","DUKE","Darren Harris","Darren Harris assist","N","19","6"
"1","1-0883","WCAR","Marcus Kell","Marcus Kell offensive rebound","N","19","6"
"1","1-0894","DUKE","Patrick Ngongba","Patrick Ngongba defensive rebound","N","19","6"
"1","1-0944","DUKE","Nikolas Khamenia","Nikolas Khamenia missed 3-point field goal","N","19","6"
"1","1-0947","WCAR","Cord Stansberry","Cord Stansberry defensive rebound","N","19","6"
"1","1-0956","WCAR","CJ Hyland","media timeout","N","0","0"
"1","1-0956","WCAR","CJ Hyland","CJ Hyland sub in","N","19","6"
"1","1-0956","WCAR","CJ Hyland","Tidjiane Dioumassi sub out","N","19","6"
"1","1-0967","DUKE","Cayden Boozer","Cayden Boozer sub out","N","19","6"
"1","1-0967","DUKE","Caleb Foster","Caleb Foster sub in","N","19","6"
"1","1-0967","DUKE","Nikolas Khamenia","Nikolas Khamenia personal ","N","19","6"
"1","1-0967","WCAR","Cord Stansberry","Cord Stansberry fouled on the play","N","19","6"
"1","1-0967","DUKE","Darren Harris","Darren Harris sub out","N","19","6"
"1","1-0967","DUKE","Cameron Boozer","Cameron Boozer sub in","N","19","6"
"1","1-0967","DUKE","Isaiah Evans","Isaiah Evans sub in","N","19","6"
"1","1-0967","DUKE","Nikolas Khamenia","Nikolas Khamenia sub out","N","19","6"
"1","1-0979","WCAR","Marcus Kell","Marcus Kell missed jump shot (blocked)","N","19","6"
"1","1-0979","DUKE","Cameron Boozer","Cameron Boozer block","N","19","6"
"1","1-0983","WCAR","Marcus Kell","Marcus Kell offensive rebound","N","19","6"
"1","1-0987","DUKE","Isaiah Evans","Isaiah Evans block","N","19","6"
"1","1-0987","WCAR","CJ Hyland","Cj Hyland missed second chance jump shot (blocked)","N","19","6"
"1","1-0991","DUKE","Patrick Ngongba","Patrick Ngongba defensive rebound","N","19","6"
"1","1-0997","DUKE","Cameron Boozer","Cameron Boozer missed 3-point field goal","N","19","6"
"1","1-1042","DUKE","Dame Sarr","Dame Sarr offensive rebound","N","19","6"
"1","1-1051","DUKE","Patrick Ngongba","Patrick Ngongba made layup","Y","21","6"
"1","1-1051","DUKE","Caleb Foster","Caleb Foster assist","N","21","6"
"1","1-1064","WCAR","Cord Stansberry","Cord Stansberry missed pullup jump shot","N","21","6"
"1","1-1066","DUKE","Cameron Boozer","Cameron Boozer defensive rebound","N","21","6"
"1","1-1077","WCAR","CJ Hyland","Samuel Dada personal two shots","N","21","6"
"1","1-1077","DUKE","Cameron Boozer","Cameron Boozer fouled on the play","N","21","6"
"1","1-1077","WCAR","CJ Hyland","Samuel Dada sub out","N","22","6"
"1","1-1077","WCAR","Chase McKey","Chase McKey sub in","N","22","6"
"1","1-1077","DUKE","Cameron Boozer","Cameron Boozer made free throw 1 of 2","Y","22","6"
"1","1-1077","DUKE","Cameron Boozer","Cameron Boozer made free throw 2 of 2","Y","23","6"
"1","1-1097","WCAR","Cord Stansberry","Cord Stansberry missed driving layup","N","23","6"
"1","1-1099","DUKE","Patrick Ngongba","Patrick Ngongba defensive rebound","N","23","6"
"1","1-11.8","DUKE","Dame Sarr","Dame Sarr defensive rebound","N","24","6"
"1","1-1156","WCAR","CJ Hyland","CJ Hyland personal three shots","N","23","6"
"1","1-1156","DUKE","Dame Sarr","Dame Sarr fouled on the play","N","23","6"
"1","1-1158","DUKE","Maliq Brown","Maliq Brown sub in","N","24","6"
"1","1-1158","DUKE","Patrick Ngongba","Patrick Ngongba sub out","N","24","6"
"1","1-1158","DUKE","Dame Sarr","Dame Sarr made free throw 1 of 3","Y","24","6"
"1","1-1158","DUKE","Dame Sarr","Dame Sarr missed free throw 2 of 3","N","24","6"
"1","1-1158","DUKE","Dame Sarr","Dame Sarr missed free throw 3 of 3","N|N","24|24","6|6"
"1","1-1158","DUKE","","Team offensive deadball rebound","","",""
"1","1-1159","WCAR","Marcus Kell","Marcus Kell defensive rebound","N","24","6"
"1","1-1177","WCAR","Marcus Kell","Marcus Kell missed 3-point field goal","N","24","6"
"1","1-1184","DUKE","Dame Sarr","Dame Sarr fouled on the play","N","24","6"
"1","1-1184","WCAR","Chase McKey","Chase Mckey personal two shots","N","24","6"
"1","1-1184","DUKE","Dame Sarr","Dame Sarr missed free throw 1 of 2","N","25","6"
"1","1-1184","DUKE","Dame Sarr","Dame Sarr made free throw 1 of 2","Y","25","6"
"1","1-1186","WCAR","Marcus Kell","Marcus Kell defensive rebound","N","25","6"
"1","1-1187","WCAR","CJ Hyland","Jump ball held ball","N","25","6"
"1","1-1187","DUKE","Dame Sarr","Dame Sarr sub out","N","25","6"
"1","1-1187","DUKE","Nikolas Khamenia","Nikolas Khamenia sub in","N","25","6"
"1","1-1245","WCAR","Julien Soumaoro","Julien Soumaoro made 3-point stepback jump shot","Y","25","9"
"1","1-1259","WCAR","CJ Hyland","Fischer Brown sub in","N","25","9"
"1","1-1259","WCAR","Cord Stansberry","Cord Stansberry sub out","N","25","9"
"1","1-1273","DUKE","Cameron Boozer","Cameron Boozer made layup","Y","27","9"
"1","1-1282","WCAR","CJ Hyland","CJ Hyland fouled on the play","N","27","9"
"1","1-1282","WCAR","Chase McKey","Chase McKey sub out","N","27","9"
"1","1-1282","DUKE","Cayden Boozer","Cayden Boozer sub in","N","27","9"
"1","1-1282","DUKE","Caleb Foster","Caleb Foster sub out","N","27","9"
"1","1-1282","WCAR","Abdulai Fanta Kabba","Abdulai Fanta Kabba sub in","N","27","9"
"1","1-1282","DUKE","Caleb Foster","Caleb Foster personal ","N","27","9"
"1","1-1295","WCAR","Marcus Kell","Marcus Kell missed 3-point field goal","N","27","9"
"1","1-1297","DUKE","Isaiah Evans","Isaiah Evans defensive rebound","N","27","9"
"1","1-13.8","DUKE","Cayden Boozer","Cayden Boozer turnover","N","29","12"
"1","1-13.8","WCAR","CJ Hyland","CJ Hyland steal","N","29","12"
"1","1-1341","DUKE","Isaiah Evans","Isaiah Evans missed 3-point field goal","N","27","9"
"1","1-1345","DUKE","Cameron Boozer","Cameron Boozer offensive rebound","N","27","9"
"1","1-1351","DUKE","Cameron Boozer","Cameron Boozer missed 3-point jump shot","N","27","9"
"1","1-1356","DUKE","Nikolas Khamenia","Nikolas Khamenia offensive rebound","N","27","9"
"1","1-1364","DUKE","Cayden Boozer","Cayden Boozer missed pullup jump shot","N","27","9"
"1","1-1367","DUKE","Cameron Boozer","Cameron Boozer offensive rebound","N","27","9"
"1","1-1368","DUKE","Cameron Boozer","Cameron Boozer made layup","Y","29","9"
"1","1-1378","DUKE","Cameron Boozer","Cameron Boozer personal ","N","29","11"
"1","1-1378","WCAR","Marcus Kell","Marcus Kell made layup","Y","29","11"
"1","1-1378","WCAR","Abdulai Fanta Kabba","Abdulai Fanta Kabba assist","N","29","11"
"1","1-1378","DUKE","Cameron Boozer","Cameron Boozer sub out","N","29","11"
"1","1-1378","WCAR","Marcus Kell","Marcus Kell fouled on the play","N","29","11"
"1","1-1378","WCAR","CJ Hyland","media timeout","N","0","0"
"1","1-1378","DUKE","Maliq Brown","Maliq Brown sub out","N","29","11"
"1","1-1378","DUKE","Darren Harris","Darren Harris sub in","N","29","11"
"1","1-1378","WCAR","Tayeshaun Smith","Tayeshaun Smith sub in","N","29","12"
"1","1-1378","DUKE","Patrick Ngongba","Patrick Ngongba sub in","N","29","11"
"1","1-1378","WCAR","Marcus Kell","Marcus Kell sub out","N","29","12"
"1","1-1378","WCAR","Marcus Kell","Marcus Kell made free throw 1 of 1","Y","29","12"
"1","1-1392","WCAR","Julien Soumaoro","Julien Soumaoro made 3-point pullup jump shot","Y","29","15"
"1","1-1456","WCAR","CJ Hyland","CJ Hyland steal","N","29","15"
"1","1-1456","DUKE","Isaiah Evans","Isaiah Evans turnover","N","29","15"
"1","1-1464","WCAR","Abdulai Fanta Kabba","Abdulai Fanta Kabba missed layup","N","29","15"
"1","1-1465","DUKE","Patrick Ngongba","Patrick Ngongba defensive rebound","N","29","15"
"1","1-1477","DUKE","Isaiah Evans","Isaiah Evans missed 3-point field goal","N","29","15"
"1","1-1479","WCAR","Abdulai Fanta Kabba","Abdulai Fanta Kabba defensive rebound","N","29","15"
"1","1-15.5","WCAR","Julien Soumaoro","Julien Soumaoro offensive rebound","N","29","15"
"1","1-1547","WCAR","CJ Hyland","Fischer Brown missed 3-point field goal","N","29","15"
"1","1-1560","DUKE","Cayden Boozer","Cayden Boozer missed 3-point field goal","N","31","15"
"1","1-1569","WCAR","Julien Soumaoro","Julien Soumaoro missed stepback jump shot","N","29","15"
"1","1-1572","DUKE","Isaiah Evans","Isaiah Evans defensive rebound","N","29","15"
"1","1-1578","WCAR","Cord Stansberry","Cord Stansberry sub in","N","30","15"
"1","1-1578","WCAR","Abdulai Fanta Kabba","Abdulai Fanta Kabba sub out","N","30","15"
"1","1-1578","WCAR","CJ Hyland","Samuel Dada sub in","N","30","15"
"1","1-1578","WCAR","CJ Hyland","CJ Hyland sub out","N","30","15"
"1","1-1578","DUKE","Maliq Brown","Maliq Brown sub in","N","30","15"
"1","1-1578","DUKE","Patrick Ngongba","Patrick Ngongba sub out","N","30","15"
"1","1-1578","WCAR","Julien Soumaoro","Julien Soumaoro sub out","N","30","15"
"1","1-1578","DUKE","Isaiah Evans","Isaiah Evans fouled on the play","N","29","15"
"1","1-1578","WCAR","CJ Hyland","CJ Hyland personal two shots","N","29","15"
"1","1-1578","DUKE","Dame Sarr","Dame Sarr sub in","N","31","15"
"1","1-1578","WCAR","Tahlan Pettway","Tahlan Pettway sub in","N","30","15"
"1","1-1578","DUKE","Isaiah Evans","Isaiah Evans sub out","N","31","15"
"1","1-1578","DUKE","Isaiah Evans","Isaiah Evans made free throw 1 of 2","Y","30","15"
"1","1-1578","DUKE","Isaiah Evans","Isaiah Evans made free throw 2 of 2","Y","31","15"
"1","1-1592","WCAR","Tahlan Pettway","Tahlan Pettway missed 3-point field goal","N","31","15"
"1","1-1594","DUKE","Cayden Boozer","Cayden Boozer defensive rebound","N","31","15"
"1","1-1645","WCAR","CJ Hyland","Samuel Dada defensive rebound","N","31","15"
"1","1-1662","DUKE","Cameron Boozer","Cameron Boozer sub in","N","31","15"
"1","1-1662","WCAR","Cord Stansberry","Cord Stansberry fouled on the play","N","31","15"
"1","1-1662","DUKE","Nikolas Khamenia","Nikolas Khamenia sub out","N","31","15"
"1","1-1662","DUKE","Nikolas Khamenia","Nikolas Khamenia personal two shots","N","31","15"
"1","1-1662","WCAR","Justin Johnson","Justin Johnson sub in","N","31","15"
"1","1-1662","WCAR","CJ Hyland","Fischer Brown sub out","N","31","15"
"1","1-1662","WCAR","Cord Stansberry","Cord Stansberry missed free throw 1 of 2","N","31","15"
"1","1-1662","WCAR","Cord Stansberry","Cord Stansberry made free throw 2 of 2","Y","31","16"
"1","1-1662","WCAR","CJ Hyland","Team offensive deadball rebound","N","31","15"
"1","1-1672","WCAR","Tayeshaun Smith","Tayeshaun Smith personal two shots","N","31","16"
"1","1-1672","DUKE","Cameron Boozer","Cameron Boozer fouled on the play","N","31","16"
"1","1-1672","DUKE","Cameron Boozer","Cameron Boozer made free throw 1 of 2","Y","32","16"
"1","1-1672","DUKE","Cameron Boozer","Cameron Boozer made free throw 2 of 2","Y","33","16"
"1","1-17.9","WCAR","Justin Johnson","Justin Johnson missed pullup jump shot","N","36","16"
"1","1-1743","WCAR","Justin Johnson","Justin Johnson missed 3-point field goal","N|N","33|33","16|16"
"1","1-1748","DUKE","","Jump ball held ball","","",""
"1","1-1748","WCAR","Tayeshaun Smith","Tayeshaun Smith sub out","N","33","16"
"1","1-1748","WCAR","Marcus Kell","Marcus Kell sub in","N","33","16"
"1","1-1748","WCAR","CJ Hyland","media timeout","N","0","0"
"1","1-1748","DUKE","Cayden Boozer","Cayden Boozer defensive rebound","N","33","16"
"1","1-1760","WCAR","Tahlan Pettway","Tahlan Pettway defensive rebound","N","36","16"
"1","1-1766","DUKE","Cameron Boozer","Cameron Boozer assist","N","36","16"
"1","1-1766","DUKE","Cayden Boozer","Cayden Boozer made 3-point field goal","Y","36","16"
"1","1-1793","DUKE","Dame Sarr","Dame Sarr defensive rebound","N","36","16"
"1","1-1798","DUKE","Dame Sarr","Dame Sarr missed driving layup","N","36","16"
"1","1-18.7","DUKE","Dame Sarr","Dame Sarr missed 3-point field goal","N","36","16"
"1","1-18.9","WCAR","Cord Stansberry","Cord Stansberry made pullup jump shot","Y","39","18"
"1","1-1851","WCAR","CJ Hyland","Samuel Dada missed layup","N","36","16"
"1","1-1853","DUKE","Cameron Boozer","Cameron Boozer defensive rebound","N","36","16"
"1","1-1875","DUKE","Cameron Boozer","Cameron Boozer offensive rebound","N","36","16"
"1","1-1877","WCAR","Justin Johnson","Justin Johnson personal three shots","N","36","16"
"1","1-1877","DUKE","Darren Harris","Darren Harris fouled on the play","N","36","16"
"1","1-1878","DUKE","Maliq Brown","Maliq Brown sub out","N","38","16"
"1","1-1878","DUKE","Isaiah Evans","Isaiah Evans sub in","N","38","16"
"1","1-1878","DUKE","Dame Sarr","Dame Sarr sub out","N","38","16"
"1","1-1878","DUKE","Caleb Foster","Caleb Foster sub in","N","39","16"
"1","1-1878","DUKE","Darren Harris","Darren Harris sub out","N","39","16"
"1","1-1878","WCAR","Julien Soumaoro","Julien Soumaoro sub in","N","38","16"
"1","1-1878","WCAR","Justin Johnson","Justin Johnson sub out","N","38","16"
"1","1-1878","DUKE","Patrick Ngongba","Patrick Ngongba sub in","N","38","16"
"1","1-1878","DUKE","Darren Harris","Darren Harris made free throw 1 of 1","Y","37","16"
"1","1-1878","DUKE","Darren Harris","Darren Harris made free throw 2 of 3","Y","38","16"
"1","1-1878","DUKE","Darren Harris","Darren Harris made free throw 3 of 3","Y","39","16"
"1","1-19.5","WCAR","CJ Hyland","30-second timeout","N","41","18"
"1","1-19.8","DUKE","Cameron Boozer","Cameron Boozer missed turnaround jump shot","N","41","18"
"1","1-1949","DUKE","Patrick Ngongba","Patrick Ngongba made layup","Y","41","18"
"1","1-1949","DUKE","Cameron Boozer","Cameron Boozer assist","N","41","18"
"1","1-1967","WCAR","Tahlan Pettway","Tahlan Pettway turnover","N","41","18"
"1","1-1983","WCAR","CJ Hyland","Samuel Dada defensive rebound","N","41","18"
"1","1-2047","WCAR","Marcus Kell","Marcus Kell turnover","N","41","18"
"1","1-2047","DUKE","Cayden Boozer","Cayden Boozer steal","N","41","18"
"1","1-2052","DUKE","Cameron Boozer","Cameron Boozer assist","N","43","18"
"1","1-2052","DUKE","Caleb Foster","Caleb Foster made driving layup","Y|N","43|0","18|0"
"1","1-2060","FAIR","","Game end confirmed","","",""
"1","1-2060","WCAR","Cord Stansberry","Cord Stansberry missed 3-point field goal","N","45","21"
"1","1-2060","WCAR","CJ Hyland","End of period","N","0","0"
"1","1-2060","DUKE","Cayden Boozer","Cayden Boozer defensive rebound","N","45","21"
"1","1-2062","WCAR","Julien Soumaoro","Julien Soumaoro made 3-point field goal","Y","43","21"
"1","1-2062","WCAR","Tahlan Pettway","Tahlan Pettway assist","N|N","43|43","21|21"
"1","1-2075","DUKE","","30-second timeout","","",""
"1","1-2087","DUKE","Cameron Boozer","Cameron Boozer missed 3-point field goal","N","43","21"
"1","1-2087","DUKE","Caleb Foster","Caleb Foster sub out","N","44","21"
"1","1-2087","DUKE","Darren Harris","Darren Harris sub in","N","44","21"
"1","1-2087","DUKE","Maliq Brown","Maliq Brown sub in","N","44","21"
"1","1-2087","WCAR","Julien Soumaoro","Julien Soumaoro personal two shots","N","43","21"
"1","1-2087","DUKE","Isaiah Evans","Isaiah Evans fouled on the play","N","43","21"
"1","1-2087","DUKE","Cameron Boozer","Cameron Boozer sub out","N","44","21"
"1","1-2087","DUKE","Isaiah Evans","Isaiah Evans made free throw 1 of 2","Y","44","21"
"1","1-2087","DUKE","Isaiah Evans","Isaiah Evans made free throw 1 of 2","Y","45","21"
"1","1-2087","DUKE","Isaiah Evans","Isaiah Evans offensive rebound","N","43","21"
"2","2-0060","DUKE","Cayden Boozer","Cayden Boozer sub out","N","45","21"
"2","2-0060","DUKE","Maliq Brown","Maliq Brown sub out","N","45","21"
"2","2-0060","DUKE","Cameron Boozer","Cameron Boozer sub in","N","45","21"
"2","2-0060","DUKE","Darren Harris","Darren Harris sub out","N","45","21"
"2","2-0060","DUKE","Caleb Foster","Caleb Foster sub in","N","45","21"
"2","2-0060","WCAR","Abdulai Fanta Kabba","Abdulai Fanta Kabba sub in","N","45","21"
"2","2-0060","WCAR","Tahlan Pettway","Tahlan Pettway sub out","N","45","21"
"2","2-0060","WCAR","CJ Hyland","Period start","N","0","0"
"2","2-0060","WCAR","CJ Hyland","Samuel Dada sub out","N","45","21"
"2","2-0060","WCAR","CJ Hyland","CJ Hyland sub in","N","45","21"
"2","2-0060","DUKE","Dame Sarr","Dame Sarr sub in","N","45","21"
"2","2-01.6","WCAR","CJ Hyland","CJ Hyland missed turnaround jump shot","N","45","21"
"2","2-0162","DUKE","Isaiah Evans","Isaiah Evans defensive rebound","N","45","21"
"2","2-0169","DUKE","Caleb Foster","Caleb Foster assist","N","47","21"
"2","2-0169","DUKE","Patrick Ngongba","Patrick Ngongba made layup","Y","47","21"
"2","2-0177","WCAR","CJ Hyland","CJ Hyland sub out","N","47","21"
"2","2-0177","DUKE","Dame Sarr","Dame Sarr fouled on the play","N","47","21"
"2","2-0177","WCAR","Tahlan Pettway","Tahlan Pettway sub in","N","47","21"
"2","2-0177","WCAR","CJ Hyland","CJ Hyland offensive foul","N","47","21"
"2","2-0177","WCAR","CJ Hyland","CJ Hyland turnover","N","47","21"
"2","2-0188","DUKE","Patrick Ngongba","Patrick Ngongba assist","N","49","21"
"2","2-0188","DUKE","Caleb Foster","Caleb Foster made layup","Y","49","21"
"2","2-0241","WCAR","Marcus Kell","Marcus Kell made layup","Y","49","23"
"2","2-0264","DUKE","Cameron Boozer","Cameron Boozer missed driving layup","N","49","23"
"2","2-0266","WCAR","Abdulai Fanta Kabba","Abdulai Fanta Kabba defensive rebound","N","49","23"
"2","2-0275","WCAR","Tahlan Pettway","Tahlan Pettway missed floating jump shot","N","49","23"
"2","2-0277","DUKE","Patrick Ngongba","Patrick Ngongba defensive rebound","N","49","23"
"2","2-0281","DUKE","Cameron Boozer","Cameron Boozer missed 3-point field goal","N","49","23"
"2","2-0284","WCAR","Abdulai Fanta Kabba","Abdulai Fanta Kabba sub out","N","49","23"
"2","2-0284","WCAR","Julien Soumaoro","Julien Soumaoro personal ","N","49","23"
"2","2-0284","WCAR","Justin Johnson","Justin Johnson sub in","N","49","23"
"2","2-0284","WCAR","Julien Soumaoro","Julien Soumaoro sub out","N","49","23"
"2","2-0284","WCAR","CJ Hyland","Samuel Dada sub in","N","49","23"
"2","2-0284","DUKE","Isaiah Evans","Isaiah Evans fouled on the play","N","49","23"
"2","2-0284","DUKE","Isaiah Evans","Isaiah Evans offensive rebound","N","49","23"
"2","2-0286","DUKE","Isaiah Evans","Isaiah Evans missed 3-point jump shot","N","49","23"
"2","2-0289","WCAR","Marcus Kell","Marcus Kell defensive rebound","N","49","23"
"2","2-0297","WCAR","Marcus Kell","Marcus Kell turnover","N","49","23"
"2","2-0297","DUKE","Isaiah Evans","Isaiah Evans steal","N","49","23"
"2","2-03.6","WCAR","Tahlan Pettway","Tahlan Pettway fouled on the play","N","52","23"
"2","2-03.6","DUKE","Dame Sarr","Dame Sarr personal ","N","52","23"
"2","2-0344","DUKE","Caleb Foster","Caleb Foster made 3-point jump shot","Y","52","23"
"2","2-0344","DUKE","Cameron Boozer","Cameron Boozer assist","N","52","23"
"2","2-0346","WCAR","CJ Hyland","media timeout","N","0","0"
"2","2-0346","WCAR","CJ Hyland","30-second timeout","N","52","23"
"2","2-0378","WCAR","Tahlan Pettway","Tahlan Pettway fouled on the play","N","52","23"
"2","2-0378","DUKE","Dame Sarr","Dame Sarr personal ","N","52","23"
"2","2-0385","WCAR","Cord Stansberry","Cord Stansberry missed pullup jump shot","N","52","23"
"2","2-0387","DUKE","Caleb Foster","Caleb Foster defensive rebound","N","52","23"
"2","2-0393","DUKE","Caleb Foster","Caleb Foster missed driving layup (blocked)","N","52","23"
"2","2-0393","WCAR","CJ Hyland","Samuel Dada block","N","52","23"
"2","2-0395","WCAR","CJ Hyland","Samuel Dada defensive rebound","N","52","23"
"2","2-0453","WCAR","Justin Johnson","Justin Johnson missed hook shot","N","52","23"
"2","2-0456","WCAR","CJ Hyland","Samuel Dada offensive rebound","N","52","23"
"2","2-0462","WCAR","Cord Stansberry","Cord Stansberry missed driving layup","N","52","23"
"2","2-0464","DUKE","Caleb Foster","Caleb Foster defensive rebound","N","52","23"
"2","2-0474","DUKE","Dame Sarr","Dame Sarr missed 3-point field goal","N","52","23"
"2","2-0477","WCAR","Cord Stansberry","Cord Stansberry defensive rebound","N","52","23"
"2","2-0482","WCAR","CJ Hyland","Samuel Dada sub out","N","52","25"
"2","2-0482","WCAR","Cord Stansberry","Cord Stansberry assist","N","52","25"
"2","2-0482","WCAR","Justin Johnson","Justin Johnson made driving layup","Y","52","25"
"2","2-0482","DUKE","Caleb Foster","Caleb Foster personal ","N","52","25"
"2","2-0482","WCAR","Justin Johnson","Justin Johnson fouled on the play","N","52","25"
"2","2-0482","WCAR","Abdulai Fanta Kabba","Abdulai Fanta Kabba sub in","N","52","25"
"2","2-0482","DUKE","Maliq Brown","Maliq Brown sub in","N","52","25"
"2","2-0482","DUKE","Cameron Boozer","Cameron Boozer sub out","N","52","25"
"2","2-0482","WCAR","Justin Johnson","Justin Johnson missed free throw 1 of 1","N","52","25"
"2","2-0483","DUKE","Maliq Brown","Maliq Brown defensive rebound","N","52","25"
"2","2-0494","WCAR","Justin Johnson","Justin Johnson personal two shots","N","52","25"
"2","2-0494","DUKE","Patrick Ngongba","Patrick Ngongba fouled on the play","N","52","25"
"2","2-0494","DUKE","Patrick Ngongba","Patrick Ngongba sub out","N","54","25"
"2","2-0494","DUKE","Nikolas Khamenia","Nikolas Khamenia sub in","N","54","25"
"2","2-0494","DUKE","Patrick Ngongba","Patrick Ngongba made free throw 1 of 2","Y","53","25"
"2","2-0494","DUKE","Patrick Ngongba","Patrick Ngongba made free throw 2 of 2","Y","54","25"
"2","2-0545","WCAR","Cord Stansberry","Cord Stansberry missed 3-point field goal","N","54","25"
"2","2-0548","DUKE","Caleb Foster","Caleb Foster defensive rebound","N","54","25"
"2","2-0553","DUKE","Darren Harris","Darren Harris sub in","N","54","25"
"2","2-0553","WCAR","Tahlan Pettway","Tahlan Pettway sub out","N","54","25"
"2","2-0553","WCAR","CJ Hyland","media timeout","N","0","0"
"2","2-0553","WCAR","CJ Hyland","Tidjiane Dioumassi sub in","N","54","25"
"2","2-0553","DUKE","Caleb Foster","Caleb Foster sub out","N","54","25"
"2","2-0553","DUKE","Dame Sarr","Dame Sarr sub out","N","54","25"
"2","2-0553","DUKE","Cayden Boozer","Cayden Boozer sub in","N","54","25"
"2","2-0558","DUKE","Maliq Brown","Maliq Brown assist","N","56","25"
"2","2-0558","DUKE","Darren Harris","Darren Harris made layup","Y","56","25"
"2","2-0586","WCAR","Marcus Kell","Marcus Kell made floating jump shot","Y","56","27"
"2","2-0598","WCAR","Cord Stansberry","Cord Stansberry sub out","N","56","27"
"2","2-0598","WCAR","Julien Soumaoro","Julien Soumaoro sub in","N","56","27"
"2","2-06.6","WCAR","CJ Hyland","Tidjiane Dioumassi missed driving layup (blocked)","N","59","27"
"2","2-06.6","DUKE","Maliq Brown","Maliq Brown block","N","59","27"
"2","2-0644","DUKE","Isaiah Evans","Isaiah Evans made layup","Y","58","27"
"2","2-0644","WCAR","CJ Hyland","Tidjiane Dioumassi personal ","N","58","27"
"2","2-0644","DUKE","Isaiah Evans","Isaiah Evans fouled on the play","N","58","27"
"2","2-0644","DUKE","Darren Harris","Darren Harris assist","N","58","27"
"2","2-0644","DUKE","Isaiah Evans","Isaiah Evans made free throw 1 of 1","Y","59","27"
"2","2-0663","DUKE","Cayden Boozer","Cayden Boozer defensive rebound","N","59","27"
"2","2-0664","WCAR","Julien Soumaoro","Julien Soumaoro sub out","N","60","27"
"2","2-0664","WCAR","Julien Soumaoro","Julien Soumaoro personal two shots","N","59","27"
"2","2-0664","DUKE","Cayden Boozer","Cayden Boozer fouled on the play","N","59","27"
"2","2-0664","WCAR","CJ Hyland","Fischer Brown sub in","N","60","27"
"2","2-0664","DUKE","Cameron Boozer","Cameron Boozer sub in","N","60","27"
"2","2-0664","DUKE","Isaiah Evans","Isaiah Evans sub out","N","60","27"
"2","2-0664","DUKE","Cayden Boozer","Cayden Boozer made free throw 1 of 2","Y","60","27"
"2","2-0664","DUKE","Cayden Boozer","Cayden Boozer missed free throw 1 of 2","N","60","27"
"2","2-0665","WCAR","Justin Johnson","Justin Johnson defensive rebound","N","60","27"
"2","2-0678","WCAR","Chase McKey","Chase McKey sub in","N","60","29"
"2","2-0678","WCAR","CJ Hyland","Tidjiane Dioumassi made layup","Y","60","29"
"2","2-0678","WCAR","Marcus Kell","Marcus Kell sub out","N","60","29"
"2","2-0688","DUKE","Cayden Boozer","Cayden Boozer missed 3-point field goal","N","60","29"
"2","2-0691","WCAR","Justin Johnson","Justin Johnson defensive rebound","N","60","29"
"2","2-0696","WCAR","Justin Johnson","Justin Johnson assist","N","60","31"
"2","2-0696","WCAR","Abdulai Fanta Kabba","Abdulai Fanta Kabba made layup","Y","60","31"
"2","2-07.6","WCAR","Justin Johnson","Justin Johnson made stepback jump shot","Y","62","33"
"2","2-0744","DUKE","Maliq Brown","Maliq Brown made layup","Y","62","31"
"2","2-0744","DUKE","Cayden Boozer","Cayden Boozer assist","N","62","31"
"2","2-0787","WCAR","Abdulai Fanta Kabba","Abdulai Fanta Kabba sub out","N","63","33"
"2","2-0787","DUKE","Caleb Foster","Caleb Foster sub in","N","63","33"
"2","2-0787","DUKE","Patrick Ngongba","Patrick Ngongba sub in","N","63","33"
"2","2-0787","WCAR","Justin Johnson","Justin Johnson sub out","N","63","33"
"2","2-0787","WCAR","Cord Stansberry","Cord Stansberry sub in","N","63","33"
"2","2-0787","WCAR","CJ Hyland","Samuel Dada sub in","N","63","33"
"2","2-0787","DUKE","Cayden Boozer","Cayden Boozer fouled on the play","N","62","33"
"2","2-0787","DUKE","Darren Harris","Darren Harris sub out","N","63","33"
"2","2-0787","WCAR","Abdulai Fanta Kabba","Abdulai Fanta Kabba personal two shots","N","62","33"
"2","2-0787","DUKE","Maliq Brown","Maliq Brown sub out","N","63","33"
"2","2-0787","DUKE","Cayden Boozer","Cayden Boozer made free throw 1 of 2","Y","63","33"
"2","2-0787","DUKE","Cayden Boozer","Cayden Boozer made free throw 2 of 2","Y","64","33"
"2","2-0853","WCAR","CJ Hyland","Tidjiane Dioumassi missed 3-point field goal","N","64","33"
"2","2-0856","DUKE","Cameron Boozer","Cameron Boozer defensive rebound","N","64","33"
"2","2-0866","DUKE","Patrick Ngongba","Patrick Ngongba turnover","N","64","33"
"2","2-0866","WCAR","CJ Hyland","Tidjiane Dioumassi steal","N","64","33"
"2","2-0869","WCAR","CJ Hyland","Fischer Brown missed layup","N","64","33"
"2","2-0871","DUKE","Caleb Foster","Caleb Foster defensive rebound","N","64","33"
"2","2-0886","DUKE","Cameron Boozer","Cameron Boozer made 3-point field goal","Y","67","33"
"2","2-0886","DUKE","Caleb Foster","Caleb Foster assist","N","67","33"
"2","2-0888","WCAR","CJ Hyland","media timeout","N","0","0"
"2","2-0888","WCAR","CJ Hyland","Fischer Brown sub out","N","67","33"
"2","2-0888","WCAR","Julien Soumaoro","Julien Soumaoro sub in","N","67","33"
"2","2-0888","WCAR","CJ Hyland","30-second timeout","N","67","33"
"2","2-0896","WCAR","Cord Stansberry","Cord Stansberry turnover","N","67","33"
"2","2-09.6","WCAR","CJ Hyland","Samuel Dada offensive rebound","N","70","33"
"2","2-0943","DUKE","Cameron Boozer","Cameron Boozer assist","N","70","33"
"2","2-0943","DUKE","Nikolas Khamenia","Nikolas Khamenia made 3-point jump shot","Y","70","33"
"2","2-0955","WCAR","Julien Soumaoro","Julien Soumaoro missed 3-point stepback jump shot","N","70","33"
"2","2-0961","WCAR","CJ Hyland","Samuel Dada turnover","N","70","33"
"2","2-0961","DUKE","Caleb Foster","Caleb Foster steal","N","70","33"
"2","2-0965","DUKE","Caleb Foster","Caleb Foster made driving layup","Y","72","33"
"2","2-0978","WCAR","Cord Stansberry","Cord Stansberry missed 3-point field goal","N","72","33"
"2","2-0981","DUKE","Caleb Foster","Caleb Foster defensive rebound","N","72","33"
"2","2-0993","DUKE","Patrick Ngongba","Patrick Ngongba missed layup","N","72","33"
"2","2-0995","DUKE","Cameron Boozer","Cameron Boozer offensive rebound","N","72","33"
"2","2-0996","DUKE","Cameron Boozer","Cameron Boozer made dunk","Y","74","33"
"2","2-10.9","DUKE","Caleb Foster","Caleb Foster turnover","N","74","35"
"2","2-10.9","WCAR","Cord Stansberry","Cord Stansberry steal","N","74","35"
"2","2-1073","WCAR","Julien Soumaoro","Julien Soumaoro missed driving layup","N","74","33"
"2","2-1076","WCAR","Chase McKey","Chase McKey made tip-in layup","Y","74","35"
"2","2-1076","WCAR","Chase McKey","Chase McKey offensive rebound","N","74","33"
"2","2-1095","WCAR","Julien Soumaoro","Julien Soumaoro made driving layup","Y","74","37"
"2","2-1152","WCAR","Chase McKey","Chase McKey steal","N","74","37"
"2","2-1152","DUKE","Nikolas Khamenia","Nikolas Khamenia turnover","N","74","37"
"2","2-1155","WCAR","Julien Soumaoro","Julien Soumaoro missed 3-point jump shot","N","74","37"
"2","2-1158","DUKE","Caleb Foster","Caleb Foster defensive rebound","N","74","37"
"2","2-1163","DUKE","Cayden Boozer","Cayden Boozer assist","N","77","37"
"2","2-1163","DUKE","Cameron Boozer","Cameron Boozer made 3-point jump shot","Y","77","37"
"2","2-1165","DUKE","Cameron Boozer","Cameron Boozer sub out","N","77","37"
"2","2-1165","DUKE","Cayden Boozer","Cayden Boozer sub out","N","77","37"
"2","2-1165","DUKE","Isaiah Evans","Isaiah Evans sub in","N","77","37"
"2","2-1165","DUKE","Caleb Foster","Caleb Foster sub out","N|N","77|77","37|37"
"2","2-1165","DUKE","","30-second timeout","","",""
"2","2-1165","DUKE","Patrick Ngongba","Patrick Ngongba sub out","N","77","37"
"2","2-1165","WCAR","Abdulai Fanta Kabba","Abdulai Fanta Kabba sub in","N","77","37"
"2","2-1165","DUKE","Maliq Brown","Maliq Brown sub in","N","77","37"
"2","2-1165","WCAR","CJ Hyland","Samuel Dada sub out","N","77","37"
"2","2-1165","DUKE","Dame Sarr","Dame Sarr sub in","N","77","37"
"2","2-1165","DUKE","Darren Harris","Darren Harris sub in","N","77","37"
"2","2-1165","WCAR","Chase McKey","Chase McKey sub out","N","77","37"
"2","2-1165","WCAR","Marcus Kell","Marcus Kell sub in","N","77","37"
"2","2-1165","WCAR","CJ Hyland","Tidjiane Dioumassi sub out","N","77","37"
"2","2-1165","WCAR","CJ Hyland","CJ Hyland sub in","N","77","37"
"2","2-1177","WCAR","Cord Stansberry","Cord Stansberry made pullup jump shot","Y","77","39"
"2","2-1199","DUKE","Nikolas Khamenia","Nikolas Khamenia missed 3-point field goal","N","77","39"
"2","2-12.5","WCAR","Abdulai Fanta Kabba","Abdulai Fanta Kabba made layup","Y","77","41"
"2","2-12.5","WCAR","Julien Soumaoro","Julien Soumaoro assist","N","77","41"
"2","2-1242","WCAR","Cord Stansberry","Cord Stansberry defensive rebound","N","77","39"
"2","2-1260","WCAR","Julien Soumaoro","Julien Soumaoro missed layup","N","80","41"
"2","2-1265","DUKE","Isaiah Evans","Isaiah Evans missed layup","N","77","41"
"2","2-1267","WCAR","Abdulai Fanta Kabba","Abdulai Fanta Kabba defensive rebound","N","77","41"
"2","2-1274","WCAR","Abdulai Fanta Kabba","Abdulai Fanta Kabba turnover","N","77","41"
"2","2-1283","DUKE","Maliq Brown","Maliq Brown made 3-point jump shot","Y","80","41"
"2","2-1283","DUKE","Nikolas Khamenia","Nikolas Khamenia assist","N","80","41"
"2","2-1342","DUKE","Maliq Brown","Maliq Brown defensive rebound","N","80","41"
"2","2-1346","WCAR","Julien Soumaoro","Julien Soumaoro steal","N","80","41"
"2","2-1346","DUKE","Isaiah Evans","Isaiah Evans turnover","N","80","41"
"2","2-1363","WCAR","Marcus Kell","Marcus Kell turnover","N","80","41"
"2","2-1363","DUKE","Nikolas Khamenia","Nikolas Khamenia steal","N","80","41"
"2","2-1366","DUKE","Dame Sarr","Dame Sarr missed layup","N","80","41"
"2","2-1369","WCAR","Cord Stansberry","Cord Stansberry defensive rebound","N","80","41"
"2","2-1372","WCAR","Cord Stansberry","Cord Stansberry assist","N","80","43"
"2","2-1372","WCAR","Abdulai Fanta Kabba","Abdulai Fanta Kabba made alley-oop","Y","80","43"
"2","2-1387","DUKE","Dame Sarr","Dame Sarr turnover","N","80","43"
"2","2-1387","WCAR","Cord Stansberry","Cord Stansberry steal","N","80","43"
"2","2-1394","DUKE","Patrick Ngongba","Patrick Ngongba sub in","N","80","43"
"2","2-1394","DUKE","Cameron Boozer","Cameron Boozer sub in","N","80","43"
"2","2-1394","WCAR","Cord Stansberry","Cord Stansberry missed layup","N","80","43"
"2","2-1394","WCAR","CJ Hyland","media timeout","N","0","0"
"2","2-1394","DUKE","Nikolas Khamenia","Nikolas Khamenia sub out","N","80","43"
"2","2-1394","DUKE","Isaiah Evans","Isaiah Evans sub out","N","80","43"
"2","2-1394","WCAR","CJ Hyland","Samuel Dada sub in","N","80","43"
"2","2-1394","DUKE","Dame Sarr","Dame Sarr sub out","N","80","43"
"2","2-1394","DUKE","Caleb Foster","Caleb Foster sub in","N","80","43"
"2","2-1394","WCAR","Abdulai Fanta Kabba","Abdulai Fanta Kabba sub out","N","80","43"
"2","2-1394","DUKE","Cayden Boozer","Cayden Boozer sub in","N","80","43"
"2","2-1394","DUKE","Maliq Brown","Maliq Brown sub out","N","80","43"
"2","2-1394","WCAR","Abdulai Fanta Kabba","Abdulai Fanta Kabba offensive rebound","N","80","43"
"2","2-1441","WCAR","Marcus Kell","Marcus Kell missed floating jump shot","N","80","43"
"2","2-1444","WCAR","CJ Hyland","Samuel Dada offensive rebound","N","80","43"
"2","2-1446","WCAR","Marcus Kell","Marcus Kell missed 3-point jump shot","N","80","43"
"2","2-1452","WCAR","Cord Stansberry","Cord Stansberry made tip-in dunk","Y","80","45"
"2","2-1452","WCAR","Cord Stansberry","Cord Stansberry offensive rebound","N","80","43"
"2","2-1463","DUKE","Cameron Boozer","Cameron Boozer made 3-point field goal","Y","83","45"
"2","2-1463","DUKE","Patrick Ngongba","Patrick Ngongba assist","N|N","83|83","45|45"
"2","2-1478","DUKE","","Jump ball held ball","","",""
"2","2-1478","DUKE","Cameron Boozer","Cameron Boozer sub out","N","83","45"
"2","2-1478","DUKE","Caleb Foster","Caleb Foster personal ","N","83","45"
"2","2-1478","WCAR","CJ Hyland","Samuel Dada fouled on the play","N","83","45"
"2","2-1478","DUKE","Darren Harris","Darren Harris sub out","N","83","45"
"2","2-1478","DUKE","Isaiah Evans","Isaiah Evans sub in","N","83","45"
"2","2-1478","DUKE","Maliq Brown","Maliq Brown sub in","N","83","45"
"2","2-1483","WCAR","Julien Soumaoro","Julien Soumaoro made 3-point field goal","Y","83","48"
"2","2-1483","WCAR","CJ Hyland","CJ Hyland assist","N","83","48"
"2","2-1494","DUKE","Maliq Brown","Maliq Brown offensive foul","N","83","48"
"2","2-1494","DUKE","Caleb Foster","Caleb Foster sub out","N","83","48"
"2","2-1494","DUKE","Maliq Brown","Maliq Brown turnover","N","83","48"
"2","2-1494","DUKE","Darren Harris","Darren Harris sub in","N","83","48"
"2","2-1494","WCAR","Julien Soumaoro","Julien Soumaoro fouled on the play","N","83","48"
"2","2-15.7","WCAR","Marcus Kell","Marcus Kell turnover","N","83","48"
"2","2-15.7","DUKE","Patrick Ngongba","Patrick Ngongba steal","N","83","48"
"2","2-1549","WCAR","Cord Stansberry","Cord Stansberry turnover","N","83","48"
"2","2-1549","DUKE","Isaiah Evans","Isaiah Evans steal","N","83","48"
"2","2-1556","DUKE","Patrick Ngongba","Patrick Ngongba missed 3-point jump shot","N","83","48"
"2","2-1559","WCAR","Marcus Kell","Marcus Kell defensive rebound","N","83","48"
"2","2-1575","DUKE","Isaiah Evans","Isaiah Evans missed 3-point jump shot","N","83","48"
"2","2-1578","WCAR","CJ Hyland","Samuel Dada defensive rebound","N","83","48"
"2","2-1585","DUKE","Patrick Ngongba","Patrick Ngongba personal ","N","83","48"
"2","2-1585","DUKE","Patrick Ngongba","Patrick Ngongba sub out","N","83","48"
"2","2-1585","WCAR","Marcus Kell","Marcus Kell fouled on the play","N","83","48"
"2","2-1585","WCAR","Abdulai Fanta Kabba","Abdulai Fanta Kabba sub in","N","83","48"
"2","2-1585","WCAR","CJ Hyland","Samuel Dada sub out","N","83","48"
"2","2-1585","DUKE","Nikolas Khamenia","Nikolas Khamenia sub in","N","83","48"
"2","2-1594","WCAR","CJ Hyland","Cj Hyland missed turnaround jump shot","N","83","48"
"2","2-1597","DUKE","Darren Harris","Darren Harris defensive rebound","N","83","48"
"2","2-1653","DUKE","Nikolas Khamenia","Nikolas Khamenia missed 3-point field goal","N","83","48"
"2","2-1656","DUKE","Isaiah Evans","Isaiah Evans offensive rebound","N","83","48"
"2","2-1658","DUKE","Isaiah Evans","Isaiah Evans missed layup","N","83","48"
"2","2-1661","DUKE","Maliq Brown","Maliq Brown made tip-in layup","Y","85","48"
"2","2-1661","DUKE","Maliq Brown","Maliq Brown offensive rebound","N","83","48"
"2","2-1671","WCAR","Abdulai Fanta Kabba","Abdulai Fanta Kabba made dunk","Y","85","50"
"2","2-1671","WCAR","Julien Soumaoro","Julien Soumaoro assist","N","85","50"
"2","2-1682","DUKE","Nikolas Khamenia","Nikolas Khamenia fouled on the play","N","85","50"
"2","2-1682","WCAR","Marcus Kell","Marcus Kell personal one and one","N","85","50"
"2","2-1682","DUKE","Dame Sarr","Dame Sarr sub in","N","85","50"
"2","2-1682","DUKE","Isaiah Evans","Isaiah Evans sub out","N","85","50"
"2","2-1682","DUKE","Nikolas Khamenia","Nikolas Khamenia missed free throw 1 of 1","N","85","50"
"2","2-1684","WCAR","Julien Soumaoro","Julien Soumaoro defensive rebound","N","85","50"
"2","2-1696","DUKE","Cayden Boozer","Cayden Boozer personal one and one","N","85","50"
"2","2-1696","WCAR","CJ Hyland","CJ Hyland fouled on the play","N","85","50"
"2","2-1697","WCAR","CJ Hyland","CJ Hyland missed free throw 1 of 1","N","85","50"
"2","2-1698","DUKE","Nikolas Khamenia","Nikolas Khamenia defensive rebound","N","85","50"
"2","2-1744","DUKE","Maliq Brown","Maliq Brown fouled on the play","N","85","50"
"2","2-1744","DUKE","Ifeanyi Ufochukwu","Ifeanyi Ufochukwu sub in","N","86","50"
"2","2-1744","DUKE","Maliq Brown","Maliq Brown sub out","N","86","50"
"2","2-1744","WCAR","CJ Hyland","media timeout","N","0","0"
"2","2-1744","WCAR","CJ Hyland","CJ Hyland personal two shots","N","85","50"
"2","2-1744","DUKE","Maliq Brown","Maliq Brown made free throw 1 of 2","Y","86","50"
"2","2-1744","DUKE","Maliq Brown","Maliq Brown missed free throw 1 of 2","N|N","85|85","50|50"
"2","2-1744","DUKE","","Team offensive deadball rebound","","",""
"2","2-1760","WCAR","Tayeshaun Smith","Tayeshaun Smith offensive rebound","N","88","52"
"2","2-1761","WCAR","CJ Hyland","Samuel Dada sub in","N","86","50"
"2","2-1761","WCAR","Cord Stansberry","Cord Stansberry sub out","N","86","50"
"2","2-1761","DUKE","Jack Scott","Jack Scott sub in","N","86","50"
"2","2-1761","DUKE","Cameron Sheffield","Cameron Sheffield sub in","N","86","50"
"2","2-1761","WCAR","Julien Soumaoro","Julien Soumaoro sub out","N","86","50"
"2","2-1761","DUKE","Dame Sarr","Dame Sarr sub out","N","86","50"
"2","2-1761","WCAR","CJ Hyland","CJ Hyland fouled on the play","N","86","50"
"2","2-1761","DUKE","Darren Harris","Darren Harris personal one and one","N","86","50"
"2","2-1761","DUKE","Nikolas Khamenia","Nikolas Khamenia sub out","N","86","50"
"2","2-1761","WCAR","Abdulai Fanta Kabba","Abdulai Fanta Kabba sub out","N","86","50"
"2","2-1761","WCAR","Tahlan Pettway","Tahlan Pettway sub in","N","86","52"
"2","2-1761","WCAR","Tayeshaun Smith","Tayeshaun Smith sub in","N","86","50"
"2","2-1761","WCAR","CJ Hyland","CJ Hyland sub out","N","86","52"
"2","2-1761","WCAR","CJ Hyland","Fischer Brown sub in","N","86","50"
"2","2-1761","WCAR","Justin Johnson","Justin Johnson sub in","N","86","50"
"2","2-1761","WCAR","Marcus Kell","Marcus Kell sub out","N","86","50"
"2","2-1761","WCAR","CJ Hyland","CJ Hyland made free throw 1 of 2","Y","86","51"
"2","2-1761","WCAR","CJ Hyland","CJ Hyland made free throw 2 of 2","Y","86","52"
"2","2-1773","DUKE","Cayden Boozer","Cayden Boozer made floating jump shot","Y","88","52"
"2","2-1793","WCAR","Justin Johnson","Justin Johnson fouled on the play","N","88","52"
"2","2-1793","DUKE","Ifeanyi Ufochukwu","Ifeanyi Ufochukwu personal two shots","N","88","52"
"2","2-1793","WCAR","Justin Johnson","Justin Johnson missed free throw 1 of 2","N","88","52"
"2","2-1793","WCAR","Justin Johnson","Justin Johnson missed free throw 2 of 2","N","88","52"
"2","2-1793","WCAR","CJ Hyland","Team offensive deadball rebound","N","88","52"
"2","2-1796","WCAR","Tahlan Pettway","Tahlan Pettway offensive rebound","N","88","52"
"2","2-1797","WCAR","Tahlan Pettway","Tahlan Pettway missed 3-point jump shot","N","88","52"
"2","2-18.6","DUKE","Cayden Boozer","Cayden Boozer defensive rebound","N","88","52"
"2","2-1858","WCAR","Justin Johnson","Justin Johnson missed 3-point jump shot","N","88","52"
"2","2-1867","DUKE","Cameron Sheffield","Cameron Sheffield missed driving layup","N","88","52"
"2","2-1871","DUKE","Jack Scott","Jack Scott offensive rebound","N","88","52"
"2","2-1879","DUKE","Jack Scott","Jack Scott missed driving layup","N","88","52"
"2","2-1883","DUKE","Cameron Sheffield","Cameron Sheffield offensive rebound","N","88","52"
"2","2-1887","DUKE","Cayden Boozer","Cayden Boozer assist","N","91","52"
"2","2-1887","DUKE","Jack Scott","Jack Scott made 3-point jump shot","Y","91","52"
"2","2-1896","WCAR","CJ Hyland","Samuel Dada missed jump shot","N","91","52"
"2","2-1899","WCAR","Abdulai Fanta Kabba","Abdulai Fanta Kabba sub in","N","91","52"
"2","2-1899","WCAR","CJ Hyland","Samuel Dada sub out","N","91","52"
"2","2-1899","WCAR","CJ Hyland","Team offensive rebound","N","91","52"
"2","2-1947","WCAR","Tahlan Pettway","Tahlan Pettway assist","N","91","54"
"2","2-1947","WCAR","Abdulai Fanta Kabba","Abdulai Fanta Kabba made layup","Y","91","54"
"2","2-1982","DUKE","Cameron Sheffield","Cameron Sheffield missed driving layup","N","91","54"
"2","2-1984","WCAR","Abdulai Fanta Kabba","Abdulai Fanta Kabba defensive rebound","N","91","54"
"2","2-1989","WCAR","CJ Hyland","Fischer Brown missed 3-point field goal","N","91","54"
"2","2-1993","DUKE","Ifeanyi Ufochukwu","Ifeanyi Ufochukwu defensive rebound","N","91","54"
"2","2-20.6","WCAR","CJ Hyland","CJ Hyland steal","N","93","54"
"2","2-20.6","DUKE","Cayden Boozer","Cayden Boozer turnover","N","93","54"
"2","2-2042","DUKE","Darren Harris","Darren Harris assist","N","93","54"
"2","2-2042","DUKE","Ifeanyi Ufochukwu","Ifeanyi Ufochukwu made layup","Y","93","54"
"2","2-2042","DUKE","Ifeanyi Ufochukwu","Ifeanyi Ufochukwu fouled on the play","N","93","54"
"2","2-2042","WCAR","Abdulai Fanta Kabba","Abdulai Fanta Kabba personal ","N","93","54"
"2","2-2042","DUKE","Ifeanyi Ufochukwu","Ifeanyi Ufochukwu missed free throw 1 of 1","N","93","54"
"2","2-2045","WCAR","CJ Hyland","Fischer Brown defensive rebound","N","93","54"
"2","2-2046","WCAR","Max Williams","Max Williams sub in","N","93","54"
"2","2-2046","WCAR","Justin Johnson","Justin Johnson sub out","N","93","54"
"2","2-2046","WCAR","CJ Hyland","Drew Hollifield sub in","N","93","54"
"2","2-2046","WCAR","Tayeshaun Smith","Tayeshaun Smith sub out","N","93","54"
"2","2-2055","WCAR","Abdulai Fanta Kabba","Abdulai Fanta Kabba turnover","N","93","54"
"2","2-2056","WCAR","Tahlan Pettway","Tahlan Pettway sub out","N","93","54"
"2","2-2056","WCAR","CJ Hyland","CJ Hyland sub in","N","93","54"
"2","2-2060","WCAR","CJ Hyland","Period end confirmed","N","0","0"
"2","2-2060","WCAR","CJ Hyland","End of game","N","0","0"
"2","2-2060","WCAR","CJ Hyland","End of period","N","0","0"
"2","2-2063","WCAR","CJ Hyland","Fischer Brown turnover","N","93","54"
"2","2-2063","DUKE","Cayden Boozer","Cayden Boozer steal","N","93","54"
"2","2-2064","WCAR","CJ Hyland","Fischer Brown personal two shots","N","93","54"
"2","2-2064","DUKE","Cayden Boozer","Cayden Boozer fouled on the play","N","93","54"
"2","2-2064","DUKE","Cayden Boozer","Cayden Boozer made free throw 1 of 2","Y","94","54"
"2","2-2064","DUKE","Cayden Boozer","Cayden Boozer made free throw 2 of 2","Y","95","54"
"2","2-2091","WCAR","CJ Hyland","Drew Hollifield missed 3-point field goal","N|N","95|95","54|54"
"2","2-2094","DUKE","","Team defensive rebound","","",""
